[{"id":"6283183432282@s.whatsapp.net","name":"#GRzNxl8","seri":"DkZPPynmR6","premium":false},{"id":"6281329511964@s.whatsapp.net","name":"#GR3jthS","seri":"xbVdlX8YhW","premium":false},{"id":"62857755373359@s.whatsapp.net","name":"#GRNlvs1","seri":"OiZBzvtoCh","premium":false},{"id":"6283135535548@s.whatsapp.net","name":"#GRlwlMi","seri":"Kzs6ZI1Sai","premium":false},{"id":"6283147602681@s.whatsapp.net","name":"#GRHWMdB","seri":"GVucnkVQnR","premium":false},{"id":"6283896889618@s.whatsapp.net","name":"#GRpkupH","seri":"kXuZXNdgCw","premium":false},{"id":"6285825438386@s.whatsapp.net","name":"#GRs7ifi","seri":"eSk2tTWBRc","premium":false},{"id":"6285892611554@s.whatsapp.net","name":"#GR5vBXd","seri":"jQ3KOgJC2m","premium":false},{"id":"6287814541780@s.whatsapp.net","name":"#GRhQG5C","seri":"tbla9fbvjt","premium":false},{"id":"6285281834757@s.whatsapp.net","name":"#GR3P2t1","seri":"CVrf4gvP6O","premium":false},{"id":"6285867505065@s.whatsapp.net","name":"#GRx90ca","seri":"Nd1yBDWZep","premium":false},{"id":"6283130597800@s.whatsapp.net","name":"#GRlRVg8","seri":"kHUKphwcl2","premium":false},{"id":"6289529954998@s.whatsapp.net","name":"#GREZEJ3","seri":"qAPE6Zr2DV","premium":false},{"id":"6281269074080@s.whatsapp.net","name":"#GRYAHVg","seri":"uBalQHJTwL","premium":false},{"id":"6288286886324@s.whatsapp.net","name":"#GRbQRRM","seri":"bQHvVAyxeC","premium":false},{"id":"6285279292140@s.whatsapp.net","name":"#GRvG2XB","seri":"VJB4jcQXLk","premium":false},{"id":"62895329361448@s.whatsapp.net","name":"#GRgzW8B","seri":"odZUicQwpV","premium":false},{"id":"6288803786974@s.whatsapp.net","name":"#GRp1zGg","seri":"rZjaa96Ja6","premium":false},{"id":"6285867688387@s.whatsapp.net","name":"#GRIrEuV","seri":"rHryQdasiC","premium":false},{"id":"6283861611107@s.whatsapp.net","name":"#GRNFjlv","seri":"Km2FINN7d2","premium":false},{"id":"6285794780581@s.whatsapp.net","name":"#GRexVb0","seri":"KapNEGER3O","premium":false},{"id":"6285280360745@s.whatsapp.net","name":"#GRKvidm","seri":"niylGiOXkW","premium":false},{"id":"6281323767112@s.whatsapp.net","name":"#GRGnWSg","seri":"jMJ5t6OuE3","premium":false},{"id":"6285311424572@s.whatsapp.net","name":"#GR38Nct","seri":"WUNL9ZPATf","premium":false},{"id":"62882003310584@s.whatsapp.net","name":"#GR2AGYG","seri":"4vzfURCmqL","premium":false},{"id":"6283128011135@s.whatsapp.net","name":"#GRksctV","seri":"wJluyPMo1N","premium":false},{"id":"6288297877862@s.whatsapp.net","name":"#GRGVuTD","seri":"n5wfvdE97F","premium":false},{"id":"6285691304150@s.whatsapp.net","name":"#GRrB5Jv","seri":"eeSnyDrhVt","premium":false},{"id":"6285774615156@s.whatsapp.net","name":"#GRmQzUk","seri":"c3HsU7M7y5","premium":false},{"id":"6282181553740@s.whatsapp.net","name":"#GR3v4cu","seri":"rVoX3ZU9i6","premium":false},{"id":"6283109912126@s.whatsapp.net","name":"#GRItxbi","seri":"AfMvO7ENFl","premium":false},{"id":"6281243022191@s.whatsapp.net","name":"#GRvHpfd","seri":"0Op8krDhMa","premium":false},{"id":"6287878630605@s.whatsapp.net","name":"#GRQNxhj","seri":"SJqrTRWLZK","premium":false},{"id":"62895421494666@s.whatsapp.net","name":"#GR9HK4g","seri":"pXnQZZZPRq","premium":false},{"id":"6287762965910@s.whatsapp.net","name":"#GRGKZ51","seri":"BkcuZmKLeN","premium":false},{"id":"62819363470561@s.whatsapp.net","name":"#GRMGqAi","seri":"GSvnbjAsxw","premium":false},{"id":"6285394943332@s.whatsapp.net","name":"#GRUMzEB","seri":"Glfo7weGd6","premium":false},{"id":"6281230607397@s.whatsapp.net","name":"#GRwSwFE","seri":"1S1ELE00vC","premium":false},{"id":"6289502289957@s.whatsapp.net","name":"#GRCzIkl","seri":"pXXqaOOWF4","premium":false},{"id":"6281567976366@s.whatsapp.net","name":"#GRwQyGd","seri":"qABOerHPMY","premium":false},{"id":"6283890399165@s.whatsapp.net","name":"#GRLEAKh","seri":"mtsGfp7mnu","premium":false},{"id":"6285709905866@s.whatsapp.net","name":"#GRE1IoY","seri":"pnYJ71Vwmn","premium":false},{"id":"6288286517973@s.whatsapp.net","name":"#GRovaJn","seri":"667VWUWhEb","premium":false},{"id":"62831028874697@s.whatsapp.net","name":"#GRccqm6","seri":"oSx4fBFraf","premium":false},{"id":"6285817104096@s.whatsapp.net","name":"#GRChoMv","seri":"9AEVP6Ji3M","premium":false},{"id":"6283148278021@s.whatsapp.net","name":"#GRMZvrx","seri":"3Ce2vMZ6ig","premium":false},{"id":"6282143427399@s.whatsapp.net","name":"#GROcWde","seri":"0waBQtLf7A","premium":false},{"id":"6283830439040@s.whatsapp.net","name":"#GRwhnOe","seri":"lY3cPvCRYS","premium":false},{"id":"628990375020@s.whatsapp.net","name":"#GRymMfl","seri":"Z9qxOFKnMb","premium":false},{"id":"6283152689189@s.whatsapp.net","name":"#GRvFcD7","seri":"ihetrhnf07","premium":false},{"id":"6287754212862@s.whatsapp.net","name":"#GRCPLhf","seri":"LbrQ0vlNKT","premium":false},{"id":"6282213445634@s.whatsapp.net","name":"#GRkGHMN","seri":"xJI0leYhZy","premium":false},{"id":"6283115440073@s.whatsapp.net","name":"#GRuq6Dr","seri":"FUdMad74tC","premium":false},{"id":"6283169805639@s.whatsapp.net","name":"#GR3ufe9","seri":"vGYgHMvmgv","premium":false},{"id":"6285731589675@s.whatsapp.net","name":"#GRlDO0J","seri":"1aTI3VMRUg","premium":false},{"id":"6281385450100@s.whatsapp.net","name":"#GRETbCA","seri":"zSzjLDhkew","premium":false},{"id":"6285810527665@s.whatsapp.net","name":"#GRjXuHI","seri":"ZAHt9tI1Tm","premium":false},{"id":"6288238792468@s.whatsapp.net","name":"#GRieaYs","seri":"9ljIe22BoA","premium":false},{"id":"6282124454317@s.whatsapp.net","name":"#GRTxRak","seri":"yYEyl4fUA8","premium":false},{"id":"62895401306998@s.whatsapp.net","name":"#GR8pc3h","seri":"7clePPXGTi","premium":false},{"id":"6287812415454@s.whatsapp.net","name":"#GRteEOa","seri":"R8zr6KukS9","premium":false},{"id":"6281326644971@s.whatsapp.net","name":"#GRptw9g","seri":"1E2wWA0uMI","premium":false},{"id":"6283129901347@s.whatsapp.net","name":"#GRPWnfR","seri":"WtVsegjDZb","premium":false},{"id":"6289529485928@s.whatsapp.net","name":"#GR2YUUP","seri":"E5gNDClLBF","premium":false},{"id":"6281818714377@s.whatsapp.net","name":"#GRBUQg8","seri":"8mxCDCsGHk","premium":false},{"id":"6287738972996@s.whatsapp.net","name":"#GRDYLuF","seri":"jli6JrDTTZ","premium":false},{"id":"6285831321708@s.whatsapp.net","name":"#GRvUMEN","seri":"wgWo76vOtC","premium":false},{"id":"62859644288057@s.whatsapp.net","name":"#GRvALJB","seri":"Oinf042bBY","premium":false},{"id":"62882003427100@s.whatsapp.net","name":"#GRmOCh6","seri":"kob3zDQ9Jo","premium":false},{"id":"62895342304090@s.whatsapp.net","name":"#GRMsgh8","seri":"7EaTLGHm4p","premium":false},{"id":"6282154159932@s.whatsapp.net","name":"#GRtFkm2","seri":"90R7lqF5pH","premium":false},{"id":"6283831402445@s.whatsapp.net","name":"#GRFmJtZ","seri":"YCq5XRu5f9","premium":false},{"id":"62882020847780@s.whatsapp.net","name":"#GRlWowf","seri":"klGj53sI7f","premium":false},{"id":"16786889392@s.whatsapp.net","name":"#GRCPbAN","seri":"BhnuYHDP1d","premium":false},{"id":"6283856715237@s.whatsapp.net","name":"#GRpiGdx","seri":"BnKMHFXHUB","premium":false},{"id":"6285294631752@s.whatsapp.net","name":"#GRyQWrw","seri":"LOpWdMyDuU","premium":false},{"id":"6281389103543@s.whatsapp.net","name":"#GRKOIdj","seri":"S8veqXZFQQ","premium":false},{"id":"62887436880609@s.whatsapp.net","name":"#GRuJtMr","seri":"c3oXFRUcKi","premium":false},{"id":"62895392158100@s.whatsapp.net","name":"#GRwaSCR","seri":"RzGc9Dex4d","premium":false},{"id":"6283857873496@s.whatsapp.net","name":"#GRdb2tg","seri":"5xCF9VVgBz","premium":false},{"id":"6283893248034@s.whatsapp.net","name":"#GR8x29V","seri":"7KoKZTfZ9H","premium":false},{"id":"6285934413624@s.whatsapp.net","name":"#GRFkl28","seri":"P8zgECiju2","premium":false},{"id":"6281212211650@s.whatsapp.net","name":"#GR8tcMs","seri":"RBgCQwMAji","premium":false},{"id":"6285386631525@s.whatsapp.net","name":"#GRYZE34","seri":"r1NxLgMM1B","premium":false},{"id":"6283195439759@s.whatsapp.net","name":"#GRxHzHo","seri":"QW5c0a1QpR","premium":false},{"id":"62815720498304@s.whatsapp.net","name":"#GRfNWdh","seri":"KAC4eN7QXn","premium":false},{"id":"62895403061732@s.whatsapp.net","name":"#GR6vQKy","seri":"VJzX2uLRXy","premium":false},{"id":"6285845719644@s.whatsapp.net","name":"#GRosRaN","seri":"6l1FSfnWAo","premium":false},{"id":"6282317139959@s.whatsapp.net","name":"#GRmQN4e","seri":"2vtGhmxTJg","premium":false},{"id":"48459260889@s.whatsapp.net","name":"#GRLmKpw","seri":"FkMWkS5aKc","premium":false},{"id":"6283146147094@s.whatsapp.net","name":"#GR4IriF","seri":"gC3T4AfR83","premium":false},{"id":"6289656410603@s.whatsapp.net","name":"#GRoKGZ3","seri":"u5ILQ1xVvl","premium":false},{"id":"6281345137910@s.whatsapp.net","name":"#GRrpYDK","seri":"gvNgTdePND","premium":false},{"id":"628994830639@s.whatsapp.net","name":"#GRCQfGa","seri":"2yYyIfqZYA","premium":false},{"id":"6289693610733@s.whatsapp.net","name":"#GRNPaNy","seri":"QRAZ3uJjZ2","premium":false},{"id":"6287862108153@s.whatsapp.net","name":"#GRKv0Kp","seri":"IyxQJq6QOr","premium":false},{"id":"6288976199589@s.whatsapp.net","name":"#GRhMJsa","seri":"Oe3ca6sV1O","premium":false},{"id":"6283167729686@s.whatsapp.net","name":"#GRd2QCA","seri":"DIRg3EMM5j","premium":false},{"id":"18704554504@s.whatsapp.net","name":"#GRMtCmL","seri":"kq6271WAIm","premium":false},{"id":"62882898621920@s.whatsapp.net","name":"#GRVeUCX","seri":"p3AC1zUXNu","premium":false},{"id":"62895382230306@s.whatsapp.net","name":"#GRGouYV","seri":"Vq87rtT9Kv","premium":false},{"id":"6283863131800@s.whatsapp.net","name":"#GRyJhTf","seri":"JmgFEyf1dj","premium":false},{"id":"6285770064278@s.whatsapp.net","name":"#GR97VtA","seri":"vzmXleURFX","premium":false},{"id":"62856688387904@s.whatsapp.net","name":"#GRrhEIY","seri":"JBEBM4YoNd","premium":false},{"id":"6288905915306@s.whatsapp.net","name":"#GRZALuW","seri":"Yuh8cWl401","premium":false},{"id":"6285656777201@s.whatsapp.net","name":"#GRrJrHt","seri":"xsOn1P1ZhX","premium":false},{"id":"6288276783914@s.whatsapp.net","name":"#GROd12m","seri":"j7nck56vTO","premium":false},{"id":"6285871019341@s.whatsapp.net","name":"#GR4xukR","seri":"tWlR4kDj9x","premium":false},{"id":"48888888438@s.whatsapp.net","name":"#GRVgYqc","seri":"9XbrAdNhVu","premium":false},{"id":"6285654001274@s.whatsapp.net","name":"#GR2lKYq","seri":"aEElKxIABJ","premium":false},{"id":"62882329628921@s.whatsapp.net","name":"#GROze6V","seri":"P0I941U5AJ","premium":false},{"id":"6287792703858@s.whatsapp.net","name":"#GRGK7gs","seri":"bbCO1eOC1p","premium":false},{"id":"6289508335891@s.whatsapp.net","name":"#GRuscQb","seri":"13GVGqJ0Wl","premium":false},{"id":"6281228070013@s.whatsapp.net","name":"#GRiBsLa","seri":"OLVBzqUd6T","premium":false},{"id":"6283184922606@s.whatsapp.net","name":"#GRiPT5y","seri":"MLGWIP0MPV","premium":false},{"id":"6282228029924@s.whatsapp.net","name":"#GRdwnhH","seri":"HGrwGGsIVh","premium":false},{"id":"62878377037268@s.whatsapp.net","name":"#GRQsUXU","seri":"byhfw3Rel3","premium":false},{"id":"6289650227018@s.whatsapp.net","name":"#GRWZUJ3","seri":"qOZOdwhR69","premium":false},{"id":"6285223688791@s.whatsapp.net","name":"#GR687tI","seri":"URayzCiLV7","premium":false},{"id":"62882008994323@s.whatsapp.net","name":"#GR6ZD6u","seri":"hiQAr6LbjP","premium":false},{"id":"6282130442520@s.whatsapp.net","name":"#GRIVfF6","seri":"crsx4mhtUk","premium":false},{"id":"6282131806817@s.whatsapp.net","name":"#GRi9q9P","seri":"jZ0YVCEmZO","premium":false},{"id":"62895415066819@s.whatsapp.net","name":"#GRQIzPz","seri":"VFOsoaXlsX","premium":false},{"id":"855965860460@s.whatsapp.net","name":"#GRNUL7d","seri":"jhN0FSIyoy","premium":false},{"id":"62882006282107@s.whatsapp.net","name":"#GRNP92H","seri":"TSqDNjvA1e","premium":false},{"id":"6282123011970@s.whatsapp.net","name":"#GRdMPif","seri":"s9Lg9Bsibh","premium":false},{"id":"62858942389775@s.whatsapp.net","name":"#GRWcbyf","seri":"V16MKkGydI","premium":false},{"id":"17372977979@s.whatsapp.net","name":"#GRiC8Sr","seri":"MQXm7eWYYb","premium":false},{"id":"6288267117206@s.whatsapp.net","name":"#GRKPmqu","seri":"ygqvylOLLe","premium":false},{"id":"6281235621697@s.whatsapp.net","name":"#GRXoD4d","seri":"WXNhQEfGBz","premium":false},{"id":"62856556990376@s.whatsapp.net","name":"#GR9tAXf","seri":"ONc7I9Kilx","premium":false},{"id":"6285366293093@s.whatsapp.net","name":"#GRp8vrn","seri":"zJZQvizLtM","premium":false},{"id":"62895612095730@s.whatsapp.net","name":"#GRAeBhh","seri":"kjPyT6lB26","premium":false},{"id":"62857396232198@s.whatsapp.net","name":"#GR40BHd","seri":"QySQ21rxwW","premium":false},{"id":"6285691703809@s.whatsapp.net","name":"#GR2M94E","seri":"x8lAYBADoe","premium":false},{"id":"628566526292@s.whatsapp.net","name":"#GRw8vqw","seri":"r0uqzrVHJ1","premium":false},{"id":"6285860179127@s.whatsapp.net","name":"#GR6ecbP","seri":"KnGDYPBveT","premium":false},{"id":"6285930159891@s.whatsapp.net","name":"#GRxPeEG","seri":"1f9EL2EeGA","premium":false},{"id":"6281344732829@s.whatsapp.net","name":"#GRFAfGk","seri":"tbiQJx7KUl","premium":false},{"id":"6281332346249@s.whatsapp.net","name":"#GRXB45y","seri":"L2TgNXWFu2","premium":false},{"id":"6285731588884@s.whatsapp.net","name":"#GRiBv0s","seri":"R8Amo3zhO4","premium":false},{"id":"6282289304381@s.whatsapp.net","name":"#GR1eD5N","seri":"7V4SvqS8C4","premium":false},{"id":"6285361245464@s.whatsapp.net","name":"#GRvq48i","seri":"KuezRBjaQA","premium":false},{"id":"62838472134440@s.whatsapp.net","name":"#GRspNAV","seri":"ee6fTEyF7L","premium":false},{"id":"6285174414744@s.whatsapp.net","name":"#GR1FPpk","seri":"lPktyJTiHg","premium":false},{"id":"6285719240023@s.whatsapp.net","name":"#GROhjxw","seri":"anCpRjyUii","premium":false},{"id":"6287864131067@s.whatsapp.net","name":"#GRcejce","seri":"aOzSTiInul","premium":false},{"id":"6281232715307@s.whatsapp.net","name":"#GRhVVua","seri":"MnTqi6erBL","premium":false},{"id":"6285602790323@s.whatsapp.net","name":"#GR5ff2p","seri":"VuPatG2a03","premium":false},{"id":"6288989721627@s.whatsapp.net","name":"#GRH8lmS","seri":"eb7WSol7uS","premium":false},{"id":"6283838077485@s.whatsapp.net","name":"#GRcsQkM","seri":"zTY9smKPQG","premium":false},{"id":"62895704181617@s.whatsapp.net","name":"#GRMbzbn","seri":"A3armGPagv","premium":false},{"id":"601154076489@s.whatsapp.net","name":"#GReZKPu","seri":"wR1ljWUtZX","premium":false},{"id":"6282275739248@s.whatsapp.net","name":"#GRXKVTn","seri":"abxZ1t41CK","premium":false},{"id":"6289527684386@s.whatsapp.net","name":"#GRkKVwV","seri":"MKHzQRjWTW","premium":false},{"id":"6289512422017@s.whatsapp.net","name":"#GR1nnde","seri":"cUM6QQH7o5","premium":false},{"id":"6282328188438@s.whatsapp.net","name":"#GROI1QO","seri":"JBbqWMC0uA","premium":false},{"id":"6285368056300@s.whatsapp.net","name":"#GR270GG","seri":"eOno2tbqvs","premium":false},{"id":"6287791960937@s.whatsapp.net","name":"#GRKD71Z","seri":"P2yaumojJL","premium":false},{"id":"6283891667988@s.whatsapp.net","name":"#GRHHJdS","seri":"w3PI5HlOO1","premium":false},{"id":"6285242287324@s.whatsapp.net","name":"#GRnLsn3","seri":"Mt9sY8gMjI","premium":false},{"id":"6287714140961@s.whatsapp.net","name":"#GRKuO3K","seri":"vCAHb1JJo6","premium":false},{"id":"628818029209@s.whatsapp.net","name":"#GRse7Rj","seri":"3SbOvde50T","premium":false},{"id":"62857979027758@s.whatsapp.net","name":"#GRR3WuE","seri":"NlmgsL8zu2","premium":false},{"id":"6285697886101@s.whatsapp.net","name":"#GRN8qCJ","seri":"DU6qeIIBRA","premium":false},{"id":"6281252297420@s.whatsapp.net","name":"#GR60a8U","seri":"gungiRi1Qu","premium":false},{"id":"6285363276121@s.whatsapp.net","name":"#GRHg1fI","seri":"jwR7tSwO03","premium":false},{"id":"6288212250669@s.whatsapp.net","name":"#GRgMcmY","seri":"YmNzGm6vlZ","premium":false},{"id":"6287762631583@s.whatsapp.net","name":"#GRdLd9u","seri":"8TlIp6EILO","premium":false},{"id":"6285709003291@s.whatsapp.net","name":"#GRpS9tQ","seri":"u9n1V1AL0O","premium":false},{"id":"6285828111816@s.whatsapp.net","name":"#GRmIACa","seri":"q970gKYuq1","premium":false},{"id":"6281913528535@s.whatsapp.net","name":"#GRITFqt","seri":"5ukqArQC0t","premium":false},{"id":"6281540965676@s.whatsapp.net","name":"#GRrS6h6","seri":"Q2TyQoIp9Q","premium":false},{"id":"6287769611199@s.whatsapp.net","name":"#GRp3apU","seri":"2yzNDNkc1I","premium":false}]